text,label,score
kode otp gmail padahal gmail benar anehh,0,1
otp kirim padahal email bener,0,1
burik gubernur jelas masa kode otp,0,1
jelek daftar susah kayak cari kerja daftar mudah,0,1
mah nyari gawe susah bikin susah dapetin kode otp gamasuk email udh restar hp udh apain kaya makin sulit tinggal indonesia,0,1
paham usaha usaha bikin lowong ilangin nama batas umur usah jelasin banyak bahas waktu keluar pikir pikir kolot kayak gitu cukup umur pensiun perintah batas,1,4
kencet batal lamar lamar usaha batal,1,5
beberapa bagi edit pas save tulis error trus kan diijinkan buat akses ruang memori pas upload dokumen gimana,0,1
ijin notif verivikasi email pas buat akun padahal bener nulis alamat email nyangkut mana bom buat akun baik,0,2
lanjut lamar bulan tahu,0,1
ribet asli ngisi data banyak alam harga niat nolong nyari kerja benar meni lieur ih sumpah da,0,1
susah terima verifikasi otp email,0,1
apl bagus masuk akal misal ngasih reting buruk biasa buzzer apl samping,1,5
susah masuk data dah bener bilang salah uninstal,0,1
apa isi data baru daftar tolol,0,1
moga manfaat jawa barat istimewa,1,5
otp buat verif email gbisa,0,1
burik minta kode otp lewat email nunggunya menit muncul otp coba beberapa kali parah,0,1
maaf pak nyata lapang banyak pungli buat masuk pabrik,1,5
apk gk jelas,1,5
kalian kali nyari kerja sini buang memori hp doang,0,1
upload paklaeing malah minta izin padahal sdh izin,1,5
daftar tpi login gatal terus jelek,0,1
tau bpk kdm,1,5
huhuuu wartosan pa dedii sugan we aya miliknna,1,5
pas daftar akun kali ganti email kode otp muncul muncul sekarang,0,2
trimakasih pak bu,1,5
susah ganti password lupa nomer masuk salah terus padahal bener,0,1
aplikasi mutu dowload masuk selalu gagal tulisanya priksa flafraum padahal isi data data uda benar laporin ama kdm,0,1
teing nepi teuing hente lamar ka hrd na upload jpg hese pis kunaon euy loker na saeutik jeng loloba na karu lulus sma,0,1
pilih usaha minim banyak cv pt sedikit lamar jadi pns asn satu tanya lamar usaha lamar berapa persentase lamar lalu kembang edukasi prihal informasi system,0,2
gaada buat lulus sma,0,1
susah klau lulus ma doang walaupun alam tumpuk rata atas,1,4
sesuai jeung ngaran na nyari gawe nepi ka ayeuna keneh tetep nyari gawe da can aya gawean ngalamar gawe ti bulan oktober nepi ayeuna desember nyangkut we terus status na tolak hanteu riview ge hanteu ciga lowong formalitas hungkul padahal teu butuh pegawe,0,1
tiap login selalu kendala email pasword salah padahal benar puluh kali ganti pasword baru tetap login kendala sama kirim lakporkan kendala tatap tetap respon buat akun baru ubah nik solusi gimana login gin maaf bintang dlu fiks apknya,0,1
guna usah buka loker sini formalitas terus didik tinggi apa cukup pake ktp skil mampu bidang tentu gaji umr sistem ribet walaupun pake beri mudah pihak cari loker,0,1
padahal kdm rekomendasi nyari kerja sini mana hasil,0,1
izin upload foto evaluasi pas buat cv foto malah ilang padahal sinyal bagus,0,2
jelas pencaker jawa tengah kaga daftar usaha bekas najis najis,0,1
micenan anggar hungkul naon iyeu cik atuh nu baleg nyieun teh wargi nu babar persyaratana harga sakab ijazah atuh,0,1
bug dulu kapan baik upload berkas utama file manager susah buat upload,0,1
umur batas maksimal,1,4
bagus cuma lowong kerja bnyak daerah purwakarta daerah bogor depok sedikit cma tambah spesifikasi tinggi lulus dlihat dr skill mampu tp dlihat dr status latar belakang didik payah baik,0,1
selalu login ulang tiap buka pake sidik jari bagi alam beberapa lain kategori wajib rada susah buat lulus baru daftar kerja selalu tampil cari maupun saran,0,2
baru daftar tetap kode verifikasi guna email yg sama kode verifikasi,1,5
kode otp masuk padahal alamat email bener,0,1
bintang dulu verifikasi email lama,0,1
bantu masyarakat jabar,1,5
filtur nik ganti nik salah ganti baik filturnya maklum salah ngetik ajh,0,2
bismillahirrahmanirrahim bintang dulu moga rejeki karier tunjang butuh keluarga sini aamiin,1,5
proses data lama kunjung selesai,0,1
cara daftar susah pasu nomernya selalu terus,0,1
belum mudah pencaker heran syarat atas usia umur deskripsi bawah usia sampe pas apply maaf baik jelas alam tahun tahun apply kadang buat gedek syukur nemuin loker pas apply maaf belum trimakasih,0,2
daftar pas foto ktp langsung hp otomatis muncul blitz hasil gagal terus,0,1
lowong cuma ni,0,1
camat blum kumplit,0,1
ampun pdahal tadi download liat rating sama ulas miris kali download moga depan baik kurang,0,2
bagus sekali bantu,1,5
duh apa nyari gawe apa digawein install jelas payah,0,1
bantu baik riwayat log in waktu masuk ketik ulang email passwordnya mungkin bis bikin login pakai sidik jari riwayat log in simpan otomatis,1,5
si bagus alamat tambahin domisili jangan ngambil ktp soal ktp kuningan tinggal hidup lama cirebon banyak usaha guna gawe loker makin banyak satu masuk apk login aman bug saran buat jangan login ribet trimakasih,1,4
kode otp email lama hampir jam muncul muncul,0,1
aneh buka loker manager semua emg tiap bulan manager ganti yaa usaha ngasih loker kaya dar formalitas aneh,0,1
camat lurah desa rancaudik lengkap verifikasi terlalu lama nungguin sngt kacau,1,5
kode otp mulu,0,1
upload cv dokumen padahal minta dr mudah malah bsa upload baik adakan live chat bantu tanya operator,0,1
awal luncur sekarang alhamdulillah panggil kerja padahal tiap hari lamar kerja feedback usaha lamar ngisi data diri ribet terlalu banyak lampir kerja indo syarat kyk kerja gaji jt bln beda luar negri cukup ktp cv modal buat lamar fisik jg cukup besar rakyat biasa kali berapa lamar utk bbrp usaha miriiiss indo yg kaya raya,0,1
kode verifikasi otp muncul muncul mail padahal mail cantum benar,0,2
apk bantu harap semua usaha meng update lowong apk mudah lamar,1,5
real comment bener jelas guna bulan bantu sama sekali isi data terlalu banyak ngelamar kerja pernah progres mana sulit guna jauh kata layak,0,1
pak cari lowong byd ko ketemu link informasi lamar lewat apk nyari gawe cari cari ko,1,4
apa ktanya jabar istimewa info loker kapal cumi yg smua orang tau kapal cumi banyak yg ilegal lowong dlm sdikit paling loker ajah kira wort nyoba kirim lamar udh sbulan pas liat status lamar boro lihat minimal inimah buset auto hapus ajh aplikasi kyanya mnurut,0,1
buat kuli bangun serabutan jenis susah karna banyak sekali kriteria nalam kerdja pt jabata apa apa raih banyak kuli ajah kaya biarpun gaji ribu asal makan,0,1
daftar email aktif benar ganti coba kali kali gada respon apa,0,1
baru daftar akun susah kode otp padahal nunggu menit pas coba sama gitu terus tengah jam nunggu menit kali coba kode otp masuk masuk,0,1
loker biji sedikit,0,1
coba coba download jauh sedikit lowong kerja banyak usaha baru diri pabrik hotel tekan usaha rekrut asli darah jawa barat loker lbih bnyk jauh rantau brkontribusi daerah sendiri jawa barat istimewa,0,2
hayu weh lamar kirim teu deuleu acan ku hrd perusahaana ciga nu teu niat ngayakn loker,0,1
apknya ribet kaya apk tampil mudah erti tampil bagus minus lamar panggil hehehe,1,5
verifikasi otp masuk email daftar baru kali susah tetep masuk warnet sama masuk,0,1
guna aplikasi pak kirim alamat lurah camat akses,0,1
susah terus pas buat akun kode otp kirim terus email,0,2
daftar aku susah buat dapetin otp padahal email bener otpnya gabisa masuk nyoba kali kali jg ttp sama gimana,0,2
masuk masuk email duhh,0,2
banyak fitur yg masalah ndak upload berkas simpan perangkat,0,2
login password email selalu salah padahal coba direset beberapa kali tetap login,0,2
emang siap pakai massal jangan dulu naik production buat developer kode otp buat akun baru susah kaga minimal qa dulu bener gimana developer,0,1
eror server pas isi skill baik,0,1
sertifikat harga upload segera pembaharuanya,1,5
aduh pak kdm nama mudah tp sama sama apk sulit cari kerja yah ngerti buat report masyarakat apa yg laku perintah jabar laku maaf fakta bazzer benci kdm,0,1
tetep punya ijazah susah,0,1
apa perintah selalu minta login pas buka knp biar terlogin walaupun tutup kaya aneh banyak ikut atur lokernya aneh tega hukum contoh batas usia tinggi badan,1,4
kode otp lama gimna,0,1
keluar kode otp padahal ganti email tetap keluar kode otp banyak rasa,0,2
kode otp susahnyeee,0,1
otp woi otp request otp jm mlm kirim jam mlm udh gitu masa laku cuma menit buat apa kirim udh kadaluarsa ari cageur,0,1
otp telat hari masuk email,0,1
gimana nyimpen data izin padahal udh izin kata nyari gawe nyari masalah mereun mah baik developer bug,0,1
maaf pak bu izin tanya daftar akun permanen hapus jikalau hapus akun informasi,1,5
keluar halaman loker malah refresh atas scroll bawah mentok refresh ulang atas capek bang scroll atas kata ribu loker mending pake sistem halaman tampil sekian loker enak gaperlu scroll lama,0,1
langsung masuk beranda profil yah maaf kesel masuk make no hp email dulu terus masukin password barusan masukin no hp email password kendala kata password salah email salah bikin simpel masuk tinggal beranda profil jangan daftar ulang padahal ngecek riwayat lamar sampe mana baik masalah masalah wajar klo apk baru,0,1
ttep si meski nglamarewat sini jarang panggil,1,5
baik log out otomatis,1,5
aduh pak kdm maha ieu tim nu nyien na piraku apk plat merah kos kie eleh kunu apk orang,0,1
padahal jelas daftar nik gilir login gabisa ganti password beberapa kali tetep gabisa kaya siap heran tauu perintah niat baik cuma kaya gin sama boong,0,1
tiap upload dokumen selalu minta izin akses galeri padahal izin semua baik,0,1
kendala upload dokumen perlu autentifikasi,1,5
development jago buat masa login terus masuk gajelas ni desain enak liat paan ni,0,1
aplikasi banyak masalah upload gambar men search kerja,0,1
gajelas hapus hapus,0,1
mas susah keluar login,0,1
hadeuh kirain mang dedi luncur apk bantu serius cegah pungli apk cacad poooll,0,1
banyak lokernya,0,1
orang jawa barat nganggur malu dulur peduli utama kdm,1,5
login susah bner salah email sama sandi terus,0,1
gimana pak gubernur kerja lembaga sedia kerja jelek masa keluar terus masuk terus nulis email password sekarang tottaly login padahal email password benar sistem deteksi salah,0,1
multitasking dah keren tampil luar biasa beberapa yg kurg baca pengalamn kerja seeprti tahun kerja bagaimana kurg bawah th susah info kerja log in bagusny baharu ada kenal otomatis sidik jari biar bantu guna repot repot masuk user password kala guna apl sebut,1,5
bukan mudah malah bikin sulit utk lamar selalu patok umur sama didik kapan maju indonesia anggur lamar kerja susah,0,1
tolol mana ath yeh pak dedi mulyadi cenah rek ngabantos susah kiyeu rek ngasupkeun data oge ah payah,0,1
beri kerja blm banyak yg guna aflikasi milik pemprov jabar lihat cek cek banyak yg guna sosmed saran tekan kan beri kerja perintah jawa barat kdm,1,5
kes aplikasi asal buat izin galeri terus ditanyain padahal semua izin tuju,0,1
lengkap semua lurah camat lengkap,0,1
pasti nyari lamar kerja jawa barat yg muncul jakarta jls,0,1
lamar segera do review hrd,1,5
kode otp lama klau menit,0,1
nungguin kode puluh abad kaga muncul muncul jir,0,2
pak dedi yeuh pa dedi nyari gawe eror wae,0,1
burik lokasi udh aktif ttp gmn mw daftar bodong tipu,0,1
semenjak download hp sering popup iklan,0,1
login masuk susah minta ampun,0,1
maha ieu pak dedi teu upload file na gagal wae asup keun ka barak we pak dedi nyieun na lieur ieu ti isuk isuk nepi magrib acan wae omat pak dedi nyieun na asup keun ka barak we pak dedi teu pak dedi,0,1
good job,1,5
ngga jelas,0,1
tiap lowong sesuai kualifikasi sesuai gabisa ngirim lamar mal tahun alam minimal minimal maksimal pabelit ku minimal indonesia teh,0,1
teu tiasa login tos sagala rupi cara teu masih otp,0,1
apk mutu sy yakin semua yg download apk blum dpt manfaat apa blm yg dpt kerja buang waktu kuota worth it,0,1
baik sistem login masa tiap buka login ulang,1,5
baik masa lamar pernah,0,1
apk baik lamar kendala pilih alam kerja fresh graduate,0,1
otp susah masuk aplod dokumen mental menu login,0,1
bikin kirim lamar batal susah salah cv gabisa kirim ulang lamar,0,1
buat peribadi sama tetangga lain cuma yg beda tampil apk manfaat penting tetap cari lapang kerja susah,0,1
terlalu rumit terlalu banyak minta data pribadi bahaya takut disalahgunakan,0,1
dar daftar banyak bug,0,1
kode otp muncul terus padahal ngisi lengkap,0,1
gimna yah bbrpa hari bikin akun masa gagal terus selalu mncul notif gagal kirim otp pdahal nomer wa bener dam aktif email sma bner smbil buka email ttp msuk dftr bbrpa kli ttp mncul notif gagal kirim otp gnti email sama bener apk pdahl perintah jelas,0,1
reset password nggk masuk trus notif email baik klo kendala kaya perintah ngerubah pasword nggk notif trus,0,1
lupa password masuk udh minta reset password gmail pesan masuk gmail baik,0,2
tiap buka terus an login,1,4
gimn login padahal mail sama kata sandi ny dah bener,0,1
payah masuk mulu padahl udh benr,0,1
ripuh ah teh daftar ge hesee,0,1
alam kerja wajib isi yg pernah kerja bagaimana kenpa da respon,1,5
gimana aplikasi kata mudah cari kerja bikin susah masukin kota sama camat muncul nama kota baik,0,1
awal download apl sekarang ngirimin lamar semua pt buka loker satu nyangkut malah lewat tanggal rekruitmen ngeliat lamar aju apl bener ngasih lamar,0,2
isi data alamat kasihan pak dedi bohongin bikin,0,1
citra doang nyata,0,1
respon ui lambat stuck registrasi otp masalah server respon time perintah masa kalah sama yg ribu,0,1
apk mutu nerima otp nyesel daftar saran jangan download,0,1
ampun banyak bug upload dokument susah coba luncur baik uji lebih kecewa,0,1
lupa kata sandi rubah link email udh gitu tetep gabisa awal tp pas dua konfirmasi tulis valid pdhl sandi sama udh gitu cek masuk sandi baru ttp gbisa gmna soal sangkut paut sm nik,0,1
baik banyak bug gk uplod ahli,1,5
wouy nmnya apps bru miniml lu ksih rate bgus kek dukung bntuan dri kdm,1,5
baik upload file dokumen padahal izin kan buat akses situ sampe keselll gimana yaa ganti bintang,0,2
pa dedi aplikasi jelek pa dedi,0,1
otp masuk,0,1
hadeuhh apk buat perintah gin banyak kurang gua otp masuk masuk hayo tebak anggar,0,1
update benar upload surat alam kerja terus padahal izin aplikasi aktif semua baik,0,1
tulis alam gagal terus pdhl ukur foto alam kerja kb mas tetap,0,2
upload file,1,4
niiii banyak bngt bug apk,0,2
masa gabisa upload file padahal izin semua baik hadeuuuh,0,2
ko isi data propinsi kota camat lurah data not pound donk baik,0,1
sayang banyak anak muda loker buat tulang punggung keluarga jauh baik sekali loker driver ijazah sma jarang driver lama yg lulus sma,1,4
not recommended,0,1
aplikasi bagus fast respon makasih banyak bapak aing,1,5
bagus cuma tambah fitur daerah lowong kerja mana lamar tambah fitur domisili tau pa kdm info loker hehe,1,5
kerja sini,0,1
sulit masuk,0,1
banyak baik buat daftar bagi alamat prov kota kec malah kga muncul,0,1
fitur banyak bug sulit daftar akun,0,1
selalu gagal setiapau login,0,2
buat akun baru sulit baik,0,1
ngisi provinsi,0,1
daftar ribet lot minta ampun gagal mulu,0,1
gimana daftar orang pas ngisi data provinsi selalu tulis no data terus gimana selesai daftar coba kolom provinsi terang wajib isi data terus pas isi tuh,0,1
butut ning rek login ge teu,0,1
form suruh ngisi alamat provinsi kota lurah nyata isi gimna pak bu,0,2
bagus aplikasi saking bagus banyak bug luar nalar baru isi form daftar ribet hadeh,0,1
baik apk banyak kendala daftar akun,0,1
gabisa isi bagi provinsi kabupaten,0,1
coba daftar akun cari kerja malah mulu,0,1
gimna pas bikin akun lanjut terus provinsi isi pas klik muncul muncul plihan provinsi ayo perintah masa kalah terus sama swasta,0,1
login padahal password masuk benar coba reset password kirim email coba kirim lapor kendala kirim gimana kelas biaya perintah masa coba buat gimana cara masuk semua coba,0,1
aplikasikya kayak cuma buat citra sistem sering eror moga anggar gede mubazir,0,1
apa kata mudah pencaker bikin susah segala masukin alamat padahal apk perintah bagus apk yng orng bikin anggar yng besar baik bug search provinsi kabupaten menu daftar akun,0,1
pakai bulan sekarang login email sandi salah padahal dulu pakai email sandi,0,1
perlu banyak baru aplikasi lengkap,0,1
login kali kali email password bener selalu salah mata,0,1
baik ngisi data diri susah bener dapatin pekerjaanya ngisi provinsi kabupaten camat lurah no data found isi,0,1
udh daftar udh ngelamar tpi stiap kluar apk hrus login sampe skrng login nggk gara salah pasword pdahal udh masukin yg bnr masa daftar percuma donk ngelamar klo malah daftar jdi ilang lamar yg pertama pdahal harap notif panggil kerja baik mnta bantu reset pasword ge salah mulu email ama no hpny pdahal udh bnr,0,2
maha iye teh manya masuk teu email sama password bener malah tulis email password salah error ta maha iye kakara ge poe geus kawas kiye teh kecewa yakin euy,0,1
masuk daftar,0,1
aneh ko masukin provinsi kabupaten lurah ngawur,0,2
sistem recruitment jelas tindak lanjut pihak recruitment pihak kait,0,1
baik upload dokumen terus minta ijin padahal beri akses ijinkan uninstall download ulang lama turut ubah lihat ulas banyak teman teman alami rupa baik pak,0,2
sama kaya yg lain banyak tu lokernya cari lokernya semua isi sama,0,1
apa izin padahal izin kan semua tetep upload,0,1
download ko daftar,0,1
masuk susah veritivikasi gk udhlah mmang susah cari kerja,0,1
kode otp gaada masuk email gimana gabisa masuk,0,1
kode otp masuk masuk email,0,1
loker na sepi,0,1
siga nu teu niat mere gawe meni heseeeeeee pis ges isi dokumen wae teu bsa ka akses maha ieu teh,0,1
lowong kerja sedikit sekali kata target ribu hitung jari usaha kerja sama buat kdm provinsi mampu buat banyak lowong kerja omong ribu loker,1,5
memang bagus bp kdm buat nyari gawe sayang kurang update masalah usaha yg nyari karyawan nyari gawe alhasil banyak yg dominan update masalah lowong kerja banding nyari gawe entah karna nyari gawe baru entah yg ngurus males sekarang update masalah lowong kerja nyari gawe kaya kurang update mungkin interaksi sama usaha kurang,0,2
lambat daftar proses hambat pilih data terus loading,0,1
ripuh jiga nu ek daptar judol hampura da lier tenyaho,0,1
loker yg sedia sedikit sulit cari kerja lewat,0,1
daftar akun pasuk kode otp verifikasi akun masuk gmail beberapa kali coba tetep nomer otp email lalu coba daftar ulang etik email satu tetep masuk kode otp pak bagaimana udh harap lewat apk kerja harap daftar tak bisaaa huhuhu,0,2
inshaallah berkah,1,5
sampah daftar loker byk nomor yg kenal masuk telpon whatsapp,0,1
terima apk karna kdm download tp lama lamar jangan kan panggil riview hrd engga ngapain buka loker klw direview,0,2
tetap susah nyari kerja pakai ijazah,0,1
maaf bangt mah kode otp muncul padahal alamat email bener kode otp takut salah guna soal masuk pake nomer nik baik sistem memang hadir apk bagus mudah cari kerja,0,1
apresiasi ada nyari gawe bentuk dukung perintah wadah cari kerja baik banyak sekali bug salah daftar bagi data alamat isi sempurna,1,4
bingung coba masuk ttap kira main kali orang betul cari nafkah malah main palsu,0,1
nyari kerja paling ribet,0,1
knapa gabisa instal appstor,0,1
ribet masa masuk guna sandi,0,1
aplikasi perlu banyak baik keluar lalu masuk guna sering otomatis logout padahal aktif latar belakang fitur upload ijazah terus minta izin meski beri akses tampil kolom input nilai akhir tampak beranta notif tulis syarat blom penuh kurang responsif baik misal apk blom siap mending tes dulu dipublish trs banyak keluhankan asa apknya kurang profesional gitu,0,2
tambah fitur sortir manual auto sort rapih,1,5
alam kerja wajib isi bagaimana cari kerja punya alam kerja usaha bagaimana baru lulus sekolah bagaimana alam kerja wiraswasta apk untuk alam kerja suatu usaha,0,1
cape buka apk klo ngisi data cek email kmbali apk trus otomatis logout,0,1
kerja sekuriti,1,5
masuk login email password padahal sistem simpan perlu terus yg punya skill daftar latih skillnya pernah ajarin punya skill punya capai isi beberapa wajib isi bagaimana yg cuma lulus sd smp ahli kerja update lowong kerja cuma yg maksimal tahun alam yg punya alam gimana tah,0,2
parah banyak bug keluar sendiri terus pas isi data baik bug susah buat isi data gmn mulai cari kerja,0,1
apk karna punya alam minimal tahun ijazah minimal bla gimana nasib no no pak,0,1
apa daerah jawa bagai mana,1,4
tanggal seleksi jelas awal lonching krim lamar hari status lamaranya lamar kirim jelas lanjut,0,1
bantu sekali,1,5
banyak masuk lperusahaan update usaha tetep hatriya lowong kerja,1,5
utk fresgraduate ngelamar karna mentok alam kerja yg sifat wajib kecewa,0,1
baik update banyak kurang ad alam,0,1
bulis man mulut doang,0,1
coba moga teknologi yg mudah masyarakat terus kembang harap banyak dampak baik kriminalitas yg jadi terkadang banyak faktor ekonomi moga mudah lapang kerja dapat kerja sejahtera rakyat kurang lapor kriminalitas bentuk apa,1,5
buang buang anggar,0,1
baik upload dokumen upload minta izin galeri terus padahal izin semua,0,1
pa dedi mulyadi,1,5
yuk variasi lowong kerja ajak pt padat karya big company startup buka lowong loker yg marketing terus gada beda integrasi sama disnaker kabupaten kota jawa barat langkah kecil harap besar jawa barat tong waka diagulkeun saacan atas anggur jawa barat serap kerja,0,1
alhamdulilah online sekarang cari peluang kerja apk nyari gawe kab sukabumi jawa barat mudah mudah cepat perintah jawa barat kang hj dedi mulyadi,1,5
ko sayah masuk yah daftar beres keluar sendiri pas masuk ko gabisa yah,0,2
ribet wajib ngisi alam kerja sampe nomor bos sebutin detail ribet mh sekali bikin ribet rumet nyusahin aduhh,0,1
maaf indonesia tiap ngelamar kerja batas usia,0,1
mo daftar akun pas ngisi propinsi ad pilih ny wajib disi bagaimna mo bkin akun pilih ad,0,1
banyak eror masa jumlah loker cuma usaha kata jakarta luar jakarta gabung nyata cuma hoax doang,0,1
lamar kerja dikit anj malah alam semua gitu mandang gender usia,0,1
kode otp kunjung nongol harus perintah selalu busuk,0,1
blm banyak lowong,0,2
apk eror masa nunggu kode verifikasi email lama masum masuk email baik,0,1
memang benar cari kerja sesuai ucap gubernur gada batas usia gada batas alam asli alam gada interview panggil lanjut kait alam kerja segera baik,0,1
sulit atur profil pribadi wajib isi alam kerja mulai alamat usaha surat kontrak nama kontak atas usaha belum sulit karena kontrak kerja lama akhir punya banyak informasi detail usaha tempat belum kerja,0,1
bikin akun ribet close apk cuman pindah apk langsung buat awal ribet sumpah mana kode verif email masuk masukk baik,0,2
lambatt loadingggnyaaaaa,0,1
baharu suli isi data diri isi data utama laku upload foto selalu logout sendiri,0,1
fetch dokumen atur sdh izin tetap fetch galeri ambil pakai foto malah masuk baik sistem susah calon lamar,0,1
daptar aktip sama nomer hp aktip tetep daptarin,0,1
bagus cocok buat yg cuma tamat smp umur ubek kaya apa minimal smk sma alam minimal tahun ojol dah paling bener buka usaha sendiri punya karyawan orang alhamdulillah,1,5
baru masuk buat daftar masuk identitas ktp camat pilih apl sebut kec gunung sindur,1,4
geura update ah keur ngalengkapi dokumen ujug suruh izinken da beres setting kabeh angger keneh kekeuh kudu buka atur stress,0,1
tambah file kuat data segera baik,0,2
bikin gausah segala bikin pindah akun glik selalu error gin cerita mah mudah mudah akan sulit guna rakyat buang buang anggar,0,1
udh daftar pas masuk malah susah email sandi salah daftar nik daftar gmna udh daftar tp susah masuk,0,2
hari nunggu kode verifikasi gk huh ah,0,1
aplikasi banyak bug kode otp kirim via gmail kaga refresh kaga depan bikin cepat penggiriman kode otp upload dokumen kelas perintah banyak bug,0,1
moga kerja yg sesuai dngan mampu,1,5
aman takut kayak vaksin jkn data aman,1,4
banyak kelemahanya apk masa upload file malah logout pas login balik malah mulai awal parah la,0,1
kesini kdm,1,5
buka login terus email passwordnya panjang ribet buat pin masuk simpel moga baik,1,4
sedikit sekali lowong kerja,0,1
daftar nyari gawe otp pernah sdh ngulang tetep dpt notip kode otp pilih lewat wa cm lewat email,0,1
susah masuk kemaren minta kode verifikasi kirim kirim beberapa ulang kirim hari,0,1
mantap betul,1,5
masuk susah liat komen rating bintang hadeuh kacau yakin jadi,0,1
haduh gimana buat akun ngisi form bener periksa gimanaa solusi pihak developer kata ada nyari kerja mudah mana buat akun sulit,0,1
pw benar login,0,2
sedia ios jangan android only,0,2
mungkin tahap proses sempurna sama sekali bantu buruk bantu pakai titik,0,1
bintang dulu banyak komentar upload file izin galeri maaf pak bu baik masalah bug masalah upload dokumen susah mungkin baru pertama kali luncur kayak banyak bug bakal baik mudah mudah masalah bug atas buat cari kerja memang sedang butuh kerja,1,4
emang negara bikin ribet kerja bikin susah minta,0,1
warga asli cikarang selatan kabupaten bekas loker daerah cikarang padahal cikarang banyak pt kenal kawasan industri besar diasean tambahin loker daerah cikarang prioritas warga cikarang sawah lahan tani ubah kawasan industri,0,2
coba daftar kode otp kirim coba kali kali tetep kode otpnya kirim,0,1
sesuai kira perintah banyak bug daftar pilih provinsi sana not found alhasil daftar bikin akun baik cepat,0,1
susah login,0,1
kembang lamar difollow up pihak usaha kayak cuma formalitas tiap hari cek kembang status lamar kirim seperti pernah buka hrd,0,1
lama nunggu verifikasi walpon udh gk pake kacauu,0,1
daftar login kata email sandi salah ganti sandi lapor masalah terang koneksi padahal koneksi stabil sama pusat bantu respon sama sekali baik karen bayak harap dapat kerja lewat,0,1
peripikasi email terlalu cepat email buka,0,1
muter terus sampe hari kiamat,0,1
te jelas ribet ruwet ngarana oge nyari gawe eweh gawe te jelas,0,1
butuh kan rusa banyak anggur tamat kola nyampe sd smp ngalumuk deui ren solusi,0,2
rek nyoba sugan sukses,1,5
minus sedikit ngasih lowong sini,0,2
moga prodak kang kdm menagulangi semangat jabar moga jakarta ekonomi maju fasilitas lengkap semangattttttt pak kdm generasi siap sambut jabar maju,1,5
baik aplikasi mentah sesuai ulas upload dokumen susah buat alam kerja terlalu rumit masa upload kontrak kerja kan lucu,0,2
moga makin banyak lowong kerja kurang tingkat oengangguran warga jabar,1,5
akses lama ngisi semua masuk,1,4
kak masuk kan pt pt yg gunung putri sama yg karawang cikarang pt pt garmen gunung putri klo ngelamar ordal kak,1,5
mudah guna moga percaya,1,5
sampah penuh syarat padahal isi wajib ngelamar terus buat apa ngelamar ribet,0,1
afk nyari gawe mungkin sus orang jawa barat banyak loker daerah subang coba bandung timur lebih mntep,1,4
bantu sama skali daftr yah apa karna nik sumatra yah tp lama pindah jawa barat lgsg ktp jawabarat cuman kan no nik brbh tetep ngikutin lama tp almt brbh ngurus apa knpa pas gilir nyari gawe resitrasi yah smoga solusi,0,1
minta saring info lokernya hampir tipu loker apk info loker abk kapal cumi untung cari tau dulu nomer kontak yg tera info loker,0,1
izin galeri susah ayo butuh kerja masa kaya gin sulit pak dedi duh abi tulungan iye,0,1
plis update lowong kerja masa cuma cari lewat cari perkejaan update apa dalam sama pt tingkat cari masa cari pt sedia ribet lengkap foto propil,0,1
cepat tingkat seleksi terima kerja takut jadi modus tipu,1,5
coba daftar,1,5
moga cari kerja mudah waktu fleksibel moga depan bantu masyarakat cari kerja,1,5
bagunan dagang,1,5
kode verifikasi otp muncul muncul gmail,0,2
kelas apk perintah masa kaya gin gua baru daftar gk karna kode otpnya gk masuk terus padahal coba beberapa kali sampe bela in bikin email baru tetep gk muncul kode otp sorry bintang dulu,0,1
mentok verifikasi kode muncul mulu,0,2
ciri khas apk indonesia angaran besar kualitas apk buruk banyak bug bnyak eror,0,1
sampah susah bener cari nama pt buka loker,0,1
sama jg kirim cuman stuck baca sajaa proses lanjut bagus tp sayang tetep oknum,0,1
lowong kerja lowong fiktif ngelamar satu proses kocak,0,2
luar jawa barat gk yah,1,5
maaf meng isi folmulir daftar ko bagi provinsi kce kab lurah isi solusi,1,4
akhir coba daftar error server koneksi tetep bintang takut apa apain uang negatif,1,5
jabar istimewa,1,5
luar biasa,1,5
syarat jangan banyak fresh graduate adain minimal smk sma,1,4
mantap pa dedi,1,5
kode verifikasi susah daftar payah,0,1
daftar mesti pake ktp padahal gmail login cukup,0,1
apps bagus cara daftar mudah fat respon liat nyata isi minimal lulus sma smk sarjana kaum dang mending sesuai realita,1,4
lowong sedikit maha ie pa dedi,0,1
asa eweuh wae panggil geus rek sabulan ngalamar teh haha,0,1
banyak baik alami keluh dapat kode opt padahal jelas gmail salah berapa kali tunggu menit terus terus tunggu alhasil nihil satu kode otp masuk gmail,0,1
bener buat banyak bug boomer sama milenial urus anggar paling gercep gilir pelihara kabur,0,1
maaf bintang dulu bisa usia tahun kerja justru usia tahun atas butuh makin tingkat usia tahun atas sama semangat kerja,0,1
apk jlas hoax daftar pke akun yg aktf bs masuk,0,1
kacau baik buat orang jawa barat,0,2
kurang rakyat banyak istilah yg pusing orang awam berijsah tinggi kata rakyat kecil tp ttp orang tentu yg nikmat baik,0,1
aplk aneh isi kolom semua tnya jurus klo anggur lulsn sd gmna isi aplks utk org gk mmpu org iseng seh bukn utk mudah tpi mlah sulit,0,1
gabisa daftar beberapa kali,0,1
orang nyari kerja syarat minimal kerja tahun semua,0,1
beri akses izin galeri mengupload foto ijazah paklaring,0,2
ka baik upload dokumen mulu ijin padahal atur semua media ijinkan kak moga keluh tanggap cepat usaha sedia lowong makin banyak,1,5
bagus sekali,1,5
is the best,1,5
moga bantu mudah cari loker jawabarat utama kota sukabumi bebas pungli calo calo tanggung jawab,1,4
susah bikin akun gagal terus,0,1
sampah daftar apply login ganti password beberapa kali tetap gabbisa login parah sampah asli,0,1
sempurna izin akses galery tambahin kelulus,0,1
bug pas verifikasi otp bnerin,0,1
pasu dokumen pas pilih kamare jepret eh balik mental pilih via galery izin akses galeri,0,1
jelek buka selalu login,0,1
nunggu otp via email lama menit kode otp pilih email ato wa udh nunggu menit apk keluar sendiri,0,1
kendala kode otp masuk masuk masalah,0,1
yg luar biasa penting cari kerja,1,5
baik kategori alam kerja harus jngan wajib soal banyak orang kerja banyak punya surat terang kerja atau alam sama sekali baik,1,5
dlu karna susah daftar dapat otp gmail cerah lur sya ulang brkali tetep gk notip otp gmail,1,4
is the best aplication bantu,1,5
jangan ngelamar daftar kode otpnya muncul baik,0,1
mantap nyari gawe,1,5
good luck,1,5
maaf bintang fiturnya buat update surat alam susah mulu ijinkan galeri foto udh ijinkan tetap enggak fiturnya susah buat akses,0,1
baik izin galeri izin tetap upload dokumen kerja semua usaha kapal cumi macam scam masa kelas provinsi jawa barat filter mana betul cari karyawan sama jual manusia perhati teliti penuh tanggung jawab hapus semua loker kapal cumi macam jangan warga jawa barat malah jebak scam kerja kapal cumi macam miris,0,1
terlalu ribet bagus jobstreet loker banyak sana coba pihak nyari gawe update biar simpel masukin foto luar bntr masukin email sandi terus ber ulang ulang kaya gitu,0,1
daftar kerja udh bagus tahap awal makin kesini kaya susup perhati takut apk jadi tppo bahaya,0,1
bagi biodata wajib punya alam kerja lalu bagaimana fresh graduate punya alam kerja apa baik,0,1
iphone yah soal appstore,1,5
batas usia berat pencaker,0,2
awal udh bagus lancar waktu isi data malah log out terus sayang,0,1
apa coba buat perintah selalu jelek upload ijazah sama transkip nilai gabisa padahal izin atur tetap gabisa big,0,1
isi data diri,0,1
parah kode otp email muncul muncul hari,0,1
susah daftar nomor verifikasi muncul email baik,0,2
masuk apk login ribet perintah khusus devoloper sempurna pihak perintah segera bekerjasama usaha yg jabar lamar pilih lowong sesuai kriteria lowong apk sedikit,0,2
ken yg cepet krj dah msles ngirim yg cuman formalitas dsini cepat daper krj,0,1
kirain cari kerja program perintah jabar nyata isi sama kaya lowong kerja yg haah percuma install solusi yg nyari kerja cuma buang buang waktu,0,1
otp lama kali muncul ny,0,1
juta lapang padel,0,1
seru ku kira gem epep mek,0,1
ngebug ambil file gallery padahal izin atur akses media baik banyak anggur jawabarat yg punya sempat saing jawabarat banyak ordal dukung yayasan tentu yg bahkan warga jawabarat,0,2
cacat buat akun gmail baru buat login tetep salah,0,1
bagus cuma pas upload foto ko terus padahal izin tetep baik sukses terus jawa barat pak dedi mulyadi atas perhati warga jabar moga sehat selalu aamiin,1,4
alhmdllah bupati lucky hakim,1,5
yg alam tak banyak bantu,0,1
ituu upload ktp masalah gitu takut buat aneh,1,5
aflakisi bantu sekali butuh kerja butuh kerja,1,5
ribet terlalu banyak data yg isi,0,1
masukin data dokumen gabisa poto login apk gajelas ngeselken cek orang sunda namah pa dedi benerin apk rusak,0,1
apa mo ngelamar ko alesan lengkap alam kerja padahal alam kerja isi simpan tp isi jelas baik,0,1
hadeh indonesia tuh guna sistem batas batas kerja batas usia sekolah utama alam minimal tahun kan ngotak kerja lamar kerja baru lulus sekolah alam kerja hampir semua lowong kerja minimal tahun alam macam bagaimana pak dedi pak dedi hapus tuh minimal maksimal usia sama kerja gimana masyarakat maju nyari kerja buat makan banyak atur,0,2
background didik alam gue mesin ai match cuma usaha garmen jelas alam masa match,0,1
bagus effisiensi development bom sempurna data usaha bom semua masuk otp kasih opsi gmail nomer hp wa free mudah mimin thanks os hp bawah kendala,1,5
tetep ja daftar susah alam kerja semua ilang surat surat tahun jga lupa kata ijasah,0,2
kak bug isi form didik semua ku ikan izin pemberitahuan tetap muncul tetap pasu bukti dukung galeri,0,2
maaf edit tulis wilayah kec jatibarang kab indramayu kel ds lobener lohbener,1,5
butut na lot pis teu akses kudu baik deui yeuh kdm maha cenah,0,1
tetep apk syarat pt alam kerja thn banyak khusus perempuan,0,1
ribet sedikit login,0,2
jujur bagus fresh graduate friendly,0,2
moga jadisarana buat anak jabar cari kerja,1,5
kira prusahaan nyah do plautan nyah ternyahta cuma nelayan yg baru nyau,1,5
baik bug bagi upload file foto beri setel izin merespon balik atur kelola izin pihak developer tingkat,0,1
daftar akun susah,0,1
verifikasi lewat email pernah no otp,0,1
alam kerja wajib isi bukankah apk orang cari kerja sama sulit org alam kerja sulit cari kerja,0,1
kembang diskominfo jawa barat dapat banyak dapat bug,0,1
ribet lengkap profil wajib semua orang nyari kerja tuh pernah kerja usaha punya nama rusa sebut,1,4
berkas file saran guna foldee pdf,0,2
gampang aplikasinua terus bantu ai usaha yg paking cocok profil ahli alam kerja tinggal banyakin yu usaha yg ngasih lowong sini,1,5
bikin orang indramayu mah loker banyak indramayu,0,1
udh ngisi daftar akun udh bner smua data gk malah suruh periksa data form udh hari trus gk ngerti,0,1
coba daftar hari jumat baru kode verifikasi hari senin coba tingkat,0,2
moga aplikasinua rame banyak usah jabar ikut posting lowong sini pantau baru kabupaten subang open loker sukabumi,1,5
kurang well prepared ni harus direlease publik segala siap mah daftar ratus ribu lokernya cuma biji doang,1,4
terobos positif masyarakat sejahtera,1,5
cuma tampil lowong usia maksimal tahun mending usah bikin banyak orang atas mampu alam semangat kerja jangan bikin batas umur tembok buat rezeki orang,0,1
berterimakasih belum ada apk suka tampil fitur simple lengkap profil heran alam kerja kategori wajib masalah bagaimana pernah kerja kerja dagang tani harus isi kolom nama usaha jabat evaluasi maaf bintang dulu kalian mudah deteksi,0,1
jelas sekali buat pake ai coder ui terlalu comon ux kurang nyaman proses upload file lama mungkin server pake baas,0,2
kendala daftar,1,4
ijin baik upload cv karna sulit upload cv izin izin,0,2
masuk izin galeri buat upload filenya,0,1
yg bawah ijazah sma gk da harap,0,1
tos kritik alhamdulillah langsung beres masalah otp waktu registrasi na hatur nuhun,1,5
aing th da lalak naha ni dibutuhkeun na awewe kab kudu nu pangalaman wa syaratna th sataun merenan ath moal aya nu gaw tuluy can alam maha gaw na pan merenan nu can pangalaman btuh gaw tara anjing perusahaanna monyet percuma lahh mnding hapus deui yeuh apk na ulah terbitkeun playstore,0,1
daftar kode lama kirim pas kadaluarsa kode,0,2
mana kode otp menit yg masuk,0,1
indonesia semua buat perintah hasil selalu buruk,0,1
apa dah susah buat daftar akun nunggu kode otp kaga masuk kode email udh berapa kali ulang tetep kaga kode masuk email udh nyari gawe susah sulit daftar akun sini buat nyari gawe susah,0,1
mungkin baru rilis yaa makanya pas daftar kode otp masuk masuk,0,1
otp masuk masuk,1,4
isi data nunggu verifikasi lewat email pagi sore masuk no otp email sy eror guna semua anggur,0,1
otp gk masuk masuk help dev,0,2
mentok bagi nerima kode otp,0,1
kode otp muncul email padahal ulang kali kirim ulang apa baru,1,4
daftar buat akun notif kode otp lama,0,1
nubaleg atuh dedi sia teh nyien teu pake kehed nungguan otp meuni jiga nungguan hayam jago endogan bangsat,0,1
susah kode otp padahal email bener gaada notif masuk email,0,1
pak dedi pokonamah well guna pis jawa barat tehh,1,5
otp masuk email,1,4
tidla masuk otp email,0,1
kode otp masuk masuk,0,2
ngasih email aktif benar kode pernah muncul gimana ni,1,5
masukin kode otp mnt lama tunggu gx masuk kode ganti beberapa email tetep masuk kode otp,0,2
sayang gabisa login terus otp nyaa padahal email sesuai,0,2
baru daftar pas verifikasi kode otpnya muncul padahal email no telp bener baik,0,1
kode otp sulit masuk email menit tunggu terus,0,1
telat lelet kode verifikasi email gagal terus niat nyari kerja susah minta ampun allah,0,1
kode otp gk masuk masuk email,0,1
nunggu otp dah kya nunggu bantu lama,0,2
email kode,0,1
kode otp masuk email,0,1
payah suruh verifikasi via gmail tetep gaada verif masuk menit nunggu,0,1
gj aying gw lamar posisi gw baru lulus smk semua loker syarat tahun alam bidang kait mah gda peluang buat lulus baru smk,0,1
masukin foto minta izin buka atur padahal atur off semua on,0,1
beranta ngisi biodata susah minta ampun,0,1
email kode otp,0,2
terima kode otp email,1,5
dapat otp daftar akun sebagaj cari kerja kunjung pusat bantu baik,0,1
efektif buanget dikit pilih lokernya,0,1
sampah kode otw kirim mana nunggu menit biar minta kode tetep kode otp login kata simpel malah ribet,0,1
kode otp email tak kunjung tiba padahal email sesuai maaf bintang dulu hapunteun,0,1
jam kode otp masuk email kode otp masuk email kata bantu warga jabar daftar susah,0,2
ngirim kode otp cek kirim kirim mana kirim ulang lama menit hadeuh,0,1
kagak pilih daerah,0,1
mudah han mendpt kan kerja apk ami in sukses selalu buat apk nyari gawe jwa brt,1,5
gagal terus daftar kata kode otp kirim email tp pernah muncul kali coba malah capek ngisi data baik pak,1,5
kode otp lama,0,1
kode masuk mulu semua apk perintah emg se ampas,0,1
verifikasi otp masuk email,0,1
bintang dulu beberapa kali otp muncul email,0,1
eror masa daftar kode otp muncul email puluh menit masuk masuk kode otp baik,0,1
kode verifikasi masuk padahal ganti email tetep gabisa,0,2
apk parah kode otp kasih waktu menit kode otp sama sekali kirim gilir kirim waktu habis kode otp kadaluarsa gimana pak dedi,0,1
bantu cari kerja,1,5
pa dedi kode verifikasi henteu muncul wae pa dedi kmh bde login pa dedi,0,1
kendala pak pas verifikasi email nongol pin padahal email benar aktif udh tes kirim pesan masuk pas nyoba jd,1,4
susah masukin otp valid kadaluarsa terus padahal waktu buat masuk otp lama,0,2
iseng download walopun punya usaha sendiri punya ijazah tinggi sukses buat jabar salam sumedang,1,5
kode verifikasi email kacau email padahal email benar semua kelas perintah kacau begini,0,1
emang aplikasina bner tinggal ngalamar ges saminggu can ay interview wae lila berkas na aktif sarua jeng bohong nyien teh,0,1
beberapa kali kirim otp terus ganti email tetep kode otp,1,5
susah kode otp,0,1
kode otp kaga muncul,0,1
muncul muncul kode verifikasi padahal gmail kirim aplikasi benar kode otp tau komen,1,4
paki iphon,1,5
baik izin akses galeri upload dokumen ijazah alam kerja padahal izin akses galeri file manager setting hp tetap notif minta izin upload dokumen baik pemograman guna android versi,0,2
teu daek menang kode otp,0,2
sakirana can siap mah tong waka rilis euy urang mimiti geus nyieun akun rek login password salah wae padahal mh ges bener ges milih reset password link resetna teu kirim kirim rek kana email atawa sms sarua euweuh duanana pamarentah emang jarang aya nu bener sok beneran deui aplikasina ngke ges maksimal karek rilis deui,0,2
warga jabar ikut bangga moga makin mudah sedang cari kerja,1,5
kode otp jam tunggu haduuh baik,1,5
bagus kurang pas login pas daftar kirim kode otp muncul,1,4
buat ngisi bahasa kuasi utama bahasa daerah dulu baru bahasa asing baik masa tiap buka login terus,1,4
kode otp kaga kirim,0,2
kang dedi kang dedi aplikasi broken masa kode otp kirim malah waktu tunggu menit fix,0,1
sistem orang pak dedi gubernur jabar bikin apk buat warga larang usaha buka loker jabar keluar lalu apk asaanmah hese lama atas usaha sendiri orang luar jabar tentu guna sistem orang moga cita cita besar pak dedi capai aamin,1,5
moga lancar,1,5
gagal buat akun beberapa kali nyoba baik segera yaaaaaa,0,1
baik upload foto padahal izin akses galeri tetap,1,4
bagus cuma beberapa bug bug logout otomatis terus pas upload berkas berkas file manager update lanjut baik,1,5
ngak instal,0,1
gubenur sia kaca apps jb pintar usaha naro loker formal doang biar lapor buat kemenker nama buang buang anggar maklum kader partai,0,1
pas registrasi bagi ngisi provinsi kabupaten desa gabisa gaada pilih susah simpan data,0,2
mantap jawa barat istimewa,1,5
adakan ios ios,1,5
masa alam thun minimal tahun lohh yg baru luluss skolah yg alam fresh graduate gabisa daftar allahh tetep ajaa susah nyari kerjaa apk bantu sama sekali pak dedy mulyadi,0,1
maha teg nik geus teurdaftar cenunah nu neang gawean ari asup dai teu boro geus beurharap sugan aya jalan keur boga gawean,0,1
ngirim otp lama,0,2
jangan bikin sanggup kasihan orng yg hidup susah malah bikin susah,0,1
daftar kendala verifikasi nunggu menit kali sampe menit langsung saha keluar,0,1
lowong kerja rata seluruh jawa barat tingkat sosialisasi usaha usaha baik banyak kurang,1,4
jabar makin istimewa,1,5
waduh kirim kode verifikasi pas daftar lama scroll loh gmail pas buka apk malah awal pas daftar,0,1
mana kode otp kirim,0,1
mantaph suport,1,5
baik sulit dapat kode otp tunggu tunggu menit kode otp kirim,1,4
lama kode otp nunggu menit terus email mana ulang nunggu menit tetep,0,1
baik buat rakyat jawa barat bapak gubernur jabar kdm tetap yg baik hati masyarakat jabar,1,5
nyaa baik sayah terima kode otp nyaa padhal email nyaa udh bner kode otp nyaa,0,1
verifikasi otp gmail masuk,0,2
cuma betul lahir jakarta gk daftar aplikasi jelek boss,0,1
apa daftar akun baru suru isi gmail kuis gmail aktif gadaa sama sekali pemberitahuan kode verifikasi bahkan tunggu menit coba kirim ulang tetap sama hasil coba buat ganti gmailku barang kali yg salah nyata sama ngaruh kode tetep muncul pesan gmail,0,1
mantap bpak kdm moga manfaat tamat sekolah jd anggur,1,5
usia jangan jadi patok banyak warga jawab barat yg usia atas atas punya kerja,1,5
bagus buat cari lowong kerja moga makin banyak lowong kerja amin izasah sd masuk cari lowong kerja tukang sapu,1,5
susah masuk ulang kali kali,0,1
program pemprov jabar mantab bantu sekali lamar kerja,1,5
area ny blm cakup bekas cikarang sedikit pihak usaha bnyk yg blm tau cari subjek temu etik lowong yg cari,0,1
loker gk wkwkwk,0,1
upload dokumen dukung segera baik,0,2
cara masukin ijazah sama transkip nilai ko,1,4
eror lebih bagi izin galeri gk yg izin simpan gilir udh nyalahin izin simpan ny malah gk pokok kgk izin galeri gk upload file via galeri kamera burik soal klw via foto benerin,0,1
simpel suka banyak gen,1,5
apa beda kaya joobstreet apk cari banyak orang lulus no alam alam kerja tukang masak kerja gudang asal persyaratanya masuk akal login dwnlod eh smk sma mana alam tahun yaaa bingung orang yg cari kerja gin banyak nganggur lulus sarjana sma smk doang sd smp punya ijasah banyak apa pekerjaanya asal layak,0,1
upload foto ijazah malah crash restart halaman log in,0,2
udh oke simpel mudah ajar cuma tiap kali login pake email sama password padahal harus cukup pakai pin doang si masuk,1,4
susqh upload gambar doc,1,4
mantab jabar istimewa,1,5
tambah alam kerja,1,5
yg anggur lulus sd liat liat buka loker smua orang gmana,0,1
keren aplikasi mudah orang buat nyari kerja keluh cuman login masuk email sama password ribet gitu,1,5
jls suruh upload tpi pdhal ijinkan semua atur tpi pas upload surat terus,0,1
baru milik beberapa masalah contoh temu beberapa masalah bug keluar sebut masuk sebut login mereporkan unggah meng upload foto berkas contoh ijazah sebut suruh atur minta izin dulu ecek kali kali memang mengijikan tetap baik,0,1
alhamdulillah mudah resfeck tim jabar istimewa kereen,1,5
gajelas alam sertifikat alam sama sertifikasi teknik bidang lieurrr pa dedi mah ahhh,0,1
bintang krna kdm sedikit advice isi data se simple belah bsa ckup ngisi poin penting gprlu smpe data atas lama yg sifat urgensi,1,5
tiba keinstal sendiri sad,0,1
selalu error bikin gregetan,0,1
login terlalu ribet isi data diri upload ktp bagus job portal klo login tinggal pake google auth login pake gmail baru nnti kirim lamar kerja lengkap data diri,0,1
moga program turun angka anggur jawa barat,1,5
kendala upload file perlu izin buka galery padahal izin atur semua ceklis keluar masuk masuk email password gaada fitur auto simpan email pass,0,2
hese asup hadeh,0,1
daftar akun memvalidasi data terus muter terussssss,0,1
isi lurah camat,0,1
moga bantu warga jawa barat hidup hari hari,1,5
lokernya sedikit baru mungkin aplikasi perlu tingkat misal klau tiap login ribet masuk email kata sandi lgi,1,5
isi file unduh sertifikat ijazah gagal terus baik,0,1
mungkin baru luncur baru beberapa usaha beberapa posisi lowong tingkat daerah kabupaten bogor daerah subang,0,1
sing sukses bapak aing,1,5
bismillahirrahmanirrahim nyantol sugan pagawean,1,5
pak jauh lokasi kerja pas pencet kabupaten bandung barat,0,2
upload bs padahal buka semua izin baik bs semua hp,0,2
rek menang rek henteu ge da ngarumasakeun teu luhur sakolana poko na bintang weh keur bapak ainkmah,1,5
info loker atuh aa teteh,1,5
kendala bagi upload foto dokumen padahal diizinin semua login bagus cuma sekali biar ribet keluar terus masuk selalu suruh login,1,5
moga semua dapat kerja yg ingin mudah ammin,1,5
moga mudah cari kerja jawa barat,1,4
upload ijazah padahal atur semua izin centang,0,1
bagus ny moga manfaat cari lowong kerja kota depok gubernur kang dedi,1,5
rakyat kecil ngelamar kerja pakai foto ijazah asli yg nyalonin presiden ijazah diumpetin wkwkwkwkwk,1,5
bagus baguss,1,5
upload dokumen terang ijikan file ijinkan semua tetep upload dokumen file baik,1,4
server dukcapil cirebon masalah memang sekarang masuk sintren cirebon kab jga,0,2
mantap moga manfaat buat cari kerja yg indramayu,1,5
kurang harus daftar glik tinggal masukin akun glik susah bet masukin akun glik baik login gagal failed terus aneh,0,1
kerja baru sedia kota indramayu kota kota yg cikarang bekas karawang tasikmalaya tunggu kota yg lain server banyak sekali kendala yg harap segera baik harap bapak dedi mulyadi buat fresh graduated kerja,1,4
umur sy gk masuk jdi gk jdi tetap cari cari buruh kuli kbnkan umur pngalaman tahun wanita selalu butuh laki laki nganggur,1,4
moga anggur jabar kerja layak terima pkh kurang amiiin,1,5
hatur nuhun pemda jabar mugia katampi aya padamelan kanggo urang sadayana,1,5
bagus buat rakyat kecil mah sedih butuh didik alam kerja anda indonesia yg nerima rakyat jelata yg sempat sekolah lowong kerja orang pinggir mimpi dotcom tinggal indo sedih makanya bnyk jd tkw negara orang sana gk sekolah jg yg pntg mau kerja nama sisih negara sendiri sedih sekali,1,5
apk meng upload doc sertifikat via galeri foto,1,5
moga fresh graduate lulus smk,1,4
kelola bug cepat baik,0,2
usaha minimal alam tahun alam banyak surat lamar kadi hapus pak buat syarat butuh alam kerja,0,1
berkah barokah warga jabar,1,5
kenapaa yaa susah masuk padahal email sama kata sandi bener,1,5
moga orang jabar punya kerja aminn,1,5
tetep usia patok sebal kepala memang benar butuh kerja tiap masukin lamar maaf usia penuh syarat wkwkwkwk,0,2
moga kerja sini,1,5
pertama download tampil user friendly bagus apps siapkerja buat pusat sayang lokernya rata rata patok alam minimal tahun kerja bidang kait lamar baru lulus beda bidang kerja susah aju lamar depan moga solusi lamar milik skill kurang ikan sempat tambah alam ilmu dunia industri semangat juang rupiah,1,5
hrd bodoh punya skill takut naruh lowong sini,1,5
warga jabar ikut nyari kerja jabar,1,5
muncul kerja sedikit lulus sma semua jenjang sd ataw smp bantu tingkat lulus mulai dasar dulu,0,1
susah ganti edit nik salah pasu data nik,0,1
sok ahh kudu digaskeun barudak,1,5
tambah didik,0,1
loker karawang banyak subang butuh kerja kang jual malah makin banyak hutang pinjem terus buat modal sepi beli cepat ada loker punya ijazah tinggi lulus sd sedia loker terlalu jauh misal karawang soal tinggal daerah rengasdengklok,1,5
moga lulus sekolah dasar kerja,0,2
keren pa kdm sukses selalu,1,5
lot ngunggah berkas,1,4
apk aneh udh kasih izin semua buat apk malah tetep gabisa upload foto,0,1
nyari kerja ribet tinggal buka nyari gawe info loker bandung sampe kabupaten lain semua tampil gampang paham daftar cepat mantap buat cari kerja jabar tinggal gas apply jabar istimewa,1,5
daftar pilih alamat provinsi gabisa stuck,0,1
good job keren era kdm mudah cari kerja,1,5
mantap aplikasi mudah mudah rekrut,1,5
mudah an tingkat dapat seluruh rakyat,1,5
coba dulu,1,4
padahal daftar bikin akun hasil pas masuk susah ket salah email password padahal isi benar,0,2
bagus kurang login harus gaperlu masukin email no hp sama sandi pernah login adain fitur simpan sandi email gaperlu nulis,1,5
bismillahirrahmanirrahim moga ada kurang angka anggur seluruh jawa barat aamin,1,5
banten dukung penuh segala upaya perintah perintah baik rakyat baik support segala atur yg,1,5
bagus mudah cari gawe,1,5
gubernur jawa tengah buat baik,1,5
bismillah moga ada nyari gawe kerja impi ikhtiar ingsyaalloh rezeqi dantang aminn,1,5
luar biasa antri langsung jabar istimewa,1,5
moga solusi,1,5
nuhun pa dedi ah sing lancarkeun rejekina pa sing panjang keun yuswa na pa sing jalma amanah amin,1,5
moga kerja syarat usia penting sehat produktif ajar,1,5
hebat mudah promosi orang nyari kerja bagus debest,1,5
hayang nu kahiji komen ah sugan we asli menang pagawean gara gara iyeu,1,5
moga program rencana kdm bapa aing rencana kurang anggur jabar realisasi baik selaras hulu hilir baik perintah usaha masyarakat milik andil besar laku tembus,1,5
gass keun bapa aing,1,5
banyak kacau baik umur atas jawa barat jakarta dekat jabar,0,1
izin upload gagal mulu padahal dah izin kan semua atur baik,1,4
worth it pakai linkedin,0,1
mudah paham moga kerja amiiiin allah,1,5
test moga sesui tuju mulia tuju jabar istimewa kdm ri,1,5
pertama kali bikin akun eror terus formulir isi isi keluh not found form isi data kabupaten camat baik cepat,0,1
moga manfaat kurang anggur jawa barat,1,5
sebenernya bagus kurang ramah punya alam kurang tahun tetep gabisa ngelamar karna alam kurang lowong alam kurang tahun fresh graduate,0,1
apk baru luncur pak gubernur harap maklum apabila kurang,1,5
luar biasa bapa aing gubernur jawa barat moga lewat kurang anggur jawa barat hatur nuhun pak dedi,1,5
cuang coba helan,1,5
bismillaaah moga bantu cari kerja amiiiiin,1,5
